Prediction_ID,Date,Ticker,Active_Catalyst,CMP_At_Prediction,Predicted_Outlook,Confidence,Target_Return_Pct,Stop_Loss_Pct,Days_Elapsed,Current_CMP,Realized_Return_Pct,Outcome_Status,Recommended_Action,Holding_Horizon,Target_Days,Trigger_Type,Market_Regime,Catalyst_Score,Remarks
2026-09-08_ASIANPAINT,2026-09-08 05:30:00 IST,ASIANPAINT,⚡ Technical Baseline,2481.6,BEARISH_FADE,75%,-4.0,2.5,10.0,2446.89990234375,1.4,SUCCESS,🔴 SHORT / FADE (SELL),1-2 Weeks (5-10 Sessions),8.0,SCHEDULED_CRON_AUTO,🟡 Sideways / Rangebound,-12.5,2026-09-22: Routine audit sync active.
2026-09-08_AXISBANK,2026-09-08 05:30:00 IST,AXISBANK,⚡ Technical Baseline,1244.9,BEARISH_FADE,75%,-4.0,2.5,10.0,1243.300048828125,0.13,SUCCESS,🔴 SHORT / FADE (SELL),1-2 Weeks (5-10 Sessions),8.0,SCHEDULED_CRON_AUTO,🟡 Sideways / Rangebound,-12.5,2026-09-22: Routine audit sync active.
2026-09-08_BPCL,2026-09-08 05:30:00 IST,BPCL,⚡ Technical Baseline,303.85,BEARISH_FADE,75%,-4.0,2.5,8.0,314.0,-3.34,FAILED,🔴 SHORT / FADE (SELL),1-2 Weeks (5-10 Sessions),8.0,SCHEDULED_CRON_AUTO,🟡 Sideways / Rangebound,-12.5,2026-09-22: Routine audit sync active.
2026-09-09_DLF,2026-09-10 00:22:03 IST,DLF,⚡ Technical Baseline,655.1,BEARISH_FADE,75%,-4.0,2.5,3.0,620.8499755859375,5.23,SUCCESS,🔴 SHORT / FADE (SELL),🎯 Tactical Swing (6 Sessions),6.0,SCHEDULED_CRON_AUTO,🟡 Sideways / Rangebound,-12.5,2026-09-22: Routine audit sync active.
2026-09-09_LT,2026-09-10 00:22:03 IST,LT,⚡ Technical Baseline,3922.6,BEARISH_FADE,75%,-4.0,2.5,8.0,3904.800048828125,0.45,SUCCESS,🔴 SHORT / FADE (SELL),🎯 Tactical Swing (6 Sessions),6.0,SCHEDULED_CRON_AUTO,🟡 Sideways / Rangebound,-12.5,2026-09-22: Routine audit sync active.
2026-09-09_HDFCLIFE,2026-09-10 00:22:03 IST,HDFCLIFE,⚡ Technical Baseline,514.0,BEARISH_FADE,75%,-4.0,2.5,2.0,528.4000244140625,-2.8,FAILED,🔴 SHORT / FADE (SELL),🎯 Tactical Swing (6 Sessions),6.0,SCHEDULED_CRON_AUTO,🟡 Sideways / Rangebound,-12.5,2026-09-22: Routine audit sync active.
2026-09-10_CHOLAFIN,2026-09-11 01:32:30 IST,CHOLAFIN,⚡ Technical Baseline,1859.0,BULLISH,75%,4.5,-2.5,2.0,1791.5999755859375,-3.63,FAILED,🟢 BUY / ACCUMULATE,⚡ Fast Drift (3 Sessions),3.0,SCHEDULED_CRON_AUTO,🟡 Sideways / Rangebound,15.0,2026-09-22: Routine audit sync active.
2026-09-10_ITC,2026-09-11 01:32:30 IST,ITC,⚡ Technical Baseline,259.3,BEARISH_FADE,75%,-4.0,2.5,5.0,266.20001220703125,-2.66,FAILED,🔴 SHORT / FADE (SELL),🎯 Tactical Swing (6 Sessions),6.0,SCHEDULED_CRON_AUTO,🟡 Sideways / Rangebound,-12.5,2026-09-22: Routine audit sync active.
2026-09-10_CANBK,2026-09-11 01:32:30 IST,CANBK,⚡ Technical Baseline,124.6,BEARISH_FADE,75%,-4.0,2.5,8.0,123.3499984741211,1.0,SUCCESS,🔴 SHORT / FADE (SELL),🎯 Tactical Swing (6 Sessions),6.0,SCHEDULED_CRON_AUTO,🟡 Sideways / Rangebound,-12.5,2026-09-22: Routine audit sync active.
2026-09-10_WIPRO,2026-09-11 01:32:30 IST,WIPRO,⚡ Technical Baseline,166.3,BEARISH_FADE,75%,-4.0,2.5,8.0,165.10000610351562,0.72,SUCCESS,🔴 SHORT / FADE (SELL),🎯 Tactical Swing (6 Sessions),6.0,SCHEDULED_CRON_AUTO,🟡 Sideways / Rangebound,-12.5,2026-09-22: Routine audit sync active.
2026-09-11_ONGC,2026-09-12 01:31:36 IST,ONGC,⚡ Technical Baseline,232.5,BEARISH_FADE,75%,-4.0,2.5,8.0,239.0,-2.8,FAILED,🔴 SHORT / FADE (SELL),🎯 Tactical Swing (6 Sessions),6.0,SCHEDULED_CRON_AUTO,🟡 Sideways / Rangebound,-12.5,2026-09-22: Routine audit sync active.
2026-09-11_MARUTI,2026-09-12 01:31:36 IST,MARUTI,⚡ Technical Baseline,12400.0,BEARISH_FADE,75%,-4.0,2.5,8.0,11990.0,3.31,SUCCESS,🔴 SHORT / FADE (SELL),🎯 Tactical Swing (6 Sessions),6.0,SCHEDULED_CRON_AUTO,🟡 Sideways / Rangebound,-12.5,2026-09-22: Routine audit sync active.
2026-09-11_POWERGRID,2026-09-12 01:31:36 IST,POWERGRID,⚡ Technical Baseline,269.1,BEARISH_FADE,75%,-4.0,2.5,8.0,266.3999938964844,1.0,SUCCESS,🔴 SHORT / FADE (SELL),🎯 Tactical Swing (6 Sessions),6.0,SCHEDULED_CRON_AUTO,🟡 Sideways / Rangebound,-12.5,2026-09-22: Routine audit sync active.
2026-09-14_ONGC,2026-09-15 03:25:21 IST,ONGC,⚡ Technical Baseline,232.5,BEARISH_FADE,75%,-4.0,2.5,7.0,239.0,-2.8,FAILED,🔴 SHORT / FADE (SELL),🎯 Tactical Swing (6 Sessions),6.0,SCHEDULED_CRON_AUTO,🟡 Sideways / Rangebound,-12.5,2026-09-22: Routine audit sync active.
2026-09-14_MARUTI,2026-09-15 03:25:21 IST,MARUTI,⚡ Technical Baseline,12400.0,BEARISH_FADE,75%,-4.0,2.5,8.0,12065.0,2.7,SUCCESS,🔴 SHORT / FADE (SELL),🎯 Tactical Swing (6 Sessions),6.0,SCHEDULED_CRON_AUTO,🟡 Sideways / Rangebound,-12.5,2026-09-22: Routine audit sync active.
2026-09-14_POWERGRID,2026-09-15 03:25:21 IST,POWERGRID,⚡ Technical Baseline,269.1,BEARISH_FADE,75%,-4.0,2.5,8.0,269.5,-0.15,FAILED,🔴 SHORT / FADE (SELL),🎯 Tactical Swing (6 Sessions),6.0,SCHEDULED_CRON_AUTO,🟡 Sideways / Rangebound,-12.5,2026-09-22: Routine audit sync active.
2026-09-15_TCS,2026-09-16 02:07:56 IST,TCS,⚡ Technical Baseline,2251.0,BEARISH_FADE,75%,-4.0,2.5,3.0,2105.0,6.49,SUCCESS,🔴 SHORT / FADE (SELL),🎯 Tactical Swing (6 Sessions),6.0,SCHEDULED_CRON_AUTO,🟡 Sideways / Rangebound,-12.5,2026-09-22: Routine audit sync active.
2026-09-15_BEL,2026-09-16 02:07:56 IST,BEL,⚡ Technical Baseline,382.9,BEARISH_FADE,75%,-4.0,2.5,2.0,395.4500122070313,-3.28,FAILED,🔴 SHORT / FADE (SELL),🎯 Tactical Swing (6 Sessions),6.0,SCHEDULED_CRON_AUTO,🟡 Sideways / Rangebound,-12.5,2026-09-22: Routine audit sync active.
2026-09-15_HCLTECH,2026-09-16 02:07:56 IST,HCLTECH,⚡ Technical Baseline,1253.7,BEARISH_FADE,75%,-4.0,2.5,8.0,1252.5999755859375,0.09,SUCCESS,🔴 SHORT / FADE (SELL),🎯 Tactical Swing (6 Sessions),6.0,SCHEDULED_CRON_AUTO,🟡 Sideways / Rangebound,-12.5,2026-09-22: Routine audit sync active.
2026-09-16_LT,2026-09-17 02:05:42 IST,LT,⚡ Technical Baseline,3807.7,BEARISH_FADE,75%,-4.0,2.5,3.0,3904.800048828125,-2.55,FAILED,🔴 SHORT / FADE (SELL),🎯 Tactical Swing (6 Sessions),6.0,SCHEDULED_CRON_AUTO,🟡 Sideways / Rangebound,-12.5,2026-09-22: Routine audit sync active.
2026-09-16_JIOFIN,2026-09-17 02:05:42 IST,JIOFIN,⚡ Technical Baseline,224.84,BEARISH_FADE,75%,-4.0,2.5,4.0,230.6999969482422,-2.61,FAILED,🔴 SHORT / FADE (SELL),🎯 Tactical Swing (6 Sessions),6.0,SCHEDULED_CRON_AUTO,🟡 Sideways / Rangebound,-12.5,2026-09-22: Routine audit sync active.
2026-09-16_RELIANCE,2026-09-17 02:05:42 IST,RELIANCE,⚡ Technical Baseline,1240.0,BEARISH_FADE,75%,-4.0,2.5,8.0,1182.0,4.68,SUCCESS,🔴 SHORT / FADE (SELL),🎯 Tactical Swing (6 Sessions),6.0,SCHEDULED_CRON_AUTO,🟡 Sideways / Rangebound,-12.5,2026-09-22: Routine audit sync active.
2026-09-17_BRITANNIA,2026-09-18 02:07:56 IST,BRITANNIA,⚡ Technical Baseline,4982.0,BEARISH_FADE,75%,-4.0,2.5,8.0,4830.0,3.05,SUCCESS,🔴 SHORT / FADE (SELL),🎯 Tactical Swing (6 Sessions),6.0,SCHEDULED_CRON_AUTO,🟡 Sideways / Rangebound,-12.5,2026-09-22: Routine audit sync active.
2026-09-17_COLPAL,2026-09-18 02:07:56 IST,COLPAL,⚡ Technical Baseline,1840.3,BEARISH_FADE,75%,-4.0,2.5,2.0,1892.0,-2.81,FAILED,🔴 SHORT / FADE (SELL),🎯 Tactical Swing (6 Sessions),6.0,SCHEDULED_CRON_AUTO,🟡 Sideways / Rangebound,-12.5,2026-09-22: Routine audit sync active.
2026-09-17_HINDUNILVR,2026-09-18 02:07:56 IST,HINDUNILVR,⚡ Technical Baseline,1942.2,BEARISH_FADE,75%,-4.0,2.5,7.0,1863.800048828125,4.04,SUCCESS,🔴 SHORT / FADE (SELL),🎯 Tactical Swing (6 Sessions),6.0,SCHEDULED_CRON_AUTO,🟡 Sideways / Rangebound,-12.5,2026-09-22: Routine audit sync active.
2026-09-18_INDUSINDBK,2026-09-19 01:34:37 IST,INDUSINDBK,⚡ Technical Baseline,966.3,BULLISH,75%,4.5,-2.5,3.0,919.5,-4.84,FAILED,🟢 BUY / ACCUMULATE,⚡ Fast Drift (3 Sessions),3.0,SCHEDULED_CRON_AUTO,🟡 Sideways / Rangebound,15.0,2026-09-22: Routine audit sync active.
2026-09-18_ABB,2026-09-19 01:34:37 IST,ABB,⚡ Technical Baseline,7270.5,BULLISH,75%,4.5,-2.5,4.0,7052.5,-3.0,FAILED,🟢 BUY / ACCUMULATE,⚡ Fast Drift (3 Sessions),3.0,SCHEDULED_CRON_AUTO,🟡 Sideways / Rangebound,15.0,2026-09-22: Routine audit sync active.
2026-09-18_NESTLEIND,2026-09-19 01:34:37 IST,NESTLEIND,⚡ Technical Baseline,1372.4,BULLISH,75%,4.5,-2.5,5.0,1346.0,-1.92,FAILED,🟢 BUY / ACCUMULATE,⚡ Fast Drift (3 Sessions),3.0,SCHEDULED_CRON_AUTO,🟡 Sideways / Rangebound,15.0,2026-09-22: Routine audit sync active.
2026-09-18_TCS,2026-09-19 01:34:37 IST,TCS,⚡ Technical Baseline,2105.0,BEARISH_FADE,75%,-4.0,2.5,8.0,2076.699951171875,1.34,SUCCESS,🔴 SHORT / FADE (SELL),🎯 Tactical Swing (6 Sessions),6.0,SCHEDULED_CRON_AUTO,🟡 Sideways / Rangebound,-12.5,2026-09-22: Routine audit sync active.
2026-09-18_DRREDDY,2026-09-19 01:34:37 IST,DRREDDY,⚡ Technical Baseline,1185.0,BEARISH_FADE,75%,-4.0,2.5,5.0,1221.0,-3.04,FAILED,🔴 SHORT / FADE (SELL),🎯 Tactical Swing (6 Sessions),6.0,SCHEDULED_CRON_AUTO,🟡 Sideways / Rangebound,-12.5,2026-09-22: Routine audit sync active.
2026-09-18_TATACONSUM,2026-09-19 01:34:37 IST,TATACONSUM,⚡ Technical Baseline,996.0,BEARISH_FADE,75%,-4.0,2.5,7.0,949.5,4.67,SUCCESS,🔴 SHORT / FADE (SELL),🎯 Tactical Swing (6 Sessions),6.0,SCHEDULED_CRON_AUTO,🟡 Sideways / Rangebound,-12.5,2026-09-22: Routine audit sync active.
2026-09-22_HDFCLIFE,2026-09-22 19:55:44 IST,HDFCLIFE,⚡ Technical Baseline,559.2,BEARISH_FADE,10%,-4.0,2.5,2.0,526.9000244140625,5.78,SUCCESS,🔴 SHORT / FADE (SELL),🎯 Tactical Swing (6 Sessions),6.0,MANUAL_WEB_UI,🔴 Bear Market / Correction (VIX: 11.0),-1.5,Score: -1.5 | Vol: 0.49x | RunUp: +8.3%
2026-09-22_ULTRACEMCO,2026-09-22 19:55:44 IST,ULTRACEMCO,⚡ Technical Baseline,11000.0,BEARISH_FADE,28%,-4.0,2.5,7.0,10710.0,2.64,PENDING,🔴 SHORT / FADE (SELL),🎯 Tactical Swing (6 Sessions),6.0,MANUAL_WEB_UI,🔴 Bear Market / Correction (VIX: 11.0),3.2,Score: +3.2 | Vol: 1.25x | RunUp: +2.8%
2026-09-22_HDFCBANK,2026-09-22 19:55:44 IST,HDFCBANK,⚡ Technical Baseline,738.6,BEARISH_FADE,28%,-4.0,2.5,6.0,708.7000122070312,4.05,SUCCESS,🔴 SHORT / FADE (SELL),🎯 Tactical Swing (6 Sessions),6.0,MANUAL_WEB_UI,🔴 Bear Market / Correction (VIX: 11.0),4.3,Score: +4.3 | Vol: 1.13x | RunUp: +3.1%
2026-09-23_DABUR,2026-09-23 03:20:35 IST,DABUR,⚡ Technical Baseline,386.8,BEARISH_FADE,75%,-4.0,2.5,6.0,374.25,3.24,PENDING,🔴 SHORT / FADE (SELL),🎯 Tactical Swing (6 Sessions),6.0,SCHEDULED_CRON_AUTO,🟡 Sideways / Rangebound,-12.5,Routine audit sync active.
2026-09-23_IOC,2026-09-23 03:20:35 IST,IOC,⚡ Technical Baseline,136.53,BEARISH_FADE,75%,-4.0,2.5,6.0,131.33999633789062,3.8,PENDING,🔴 SHORT / FADE (SELL),🎯 Tactical Swing (6 Sessions),6.0,SCHEDULED_CRON_AUTO,🟡 Sideways / Rangebound,-12.5,Routine audit sync active.
<<<<<<< HEAD,nan IST,,,,,75%,,,,,,,🔴 SHORT / FADE (SELL),🎯 Tactical Swing (1-2 Weeks),8.0,SCHEDULED_CRON_AUTO,🟡 Sideways / Rangebound,15.0,Routine audit sync active.
2026-09-23_POWERGRID,2026-09-23 03:20:35 IST,POWERGRID,⚡ Technical Baseline,266.1,BEARISH_FADE,75%,-4.0,2.5,6.0,255.0,4.17,SUCCESS,🔴 SHORT / FADE (SELL),🎯 Tactical Swing (6 Sessions),6.0,SCHEDULED_CRON_AUTO,🟡 Sideways / Rangebound,-12.5,Routine audit sync active.
=======,nan IST,,,,,75%,,,,,,,🔴 SHORT / FADE (SELL),🎯 Tactical Swing (1-2 Weeks),8.0,SCHEDULED_CRON_AUTO,🟡 Sideways / Rangebound,15.0,Routine audit sync active.
2026-09-23_POWERGRID,2026-09-23 03:20:35 IST,POWERGRID,⚡ Technical Baseline,266.1,BEARISH_FADE,75%,-4.0,2.5,6.0,254.5500030517578,4.34,SUCCESS,🔴 SHORT / FADE (SELL),🎯 Tactical Swing (6 Sessions),6.0,SCHEDULED_CRON_AUTO,🟡 Sideways / Rangebound,-12.5,Routine audit sync active.
>>>>>>> 0cd26c6 (feat(dual-logic): user-friendly spotlight tab cards & automated 3 PM working day paper trades with duplicate guard),nan IST,,,,,75%,,,,,,,🔴 SHORT / FADE (SELL),🎯 Tactical Swing (1-2 Weeks),8.0,SCHEDULED_CRON_AUTO,🟡 Sideways / Rangebound,15.0,Routine audit sync active.
2026-09-23_NTPC,2026-09-23 19:47:21 IST,NTPC,Dividend & Buyback,326.0,BEARISH_FADE,75%,-4.0,2.5,6.0,315.1000061035156,3.34,PENDING,🔴 SHORT / FADE (SELL),🎯 Tactical Swing (6 Sessions),6.0,SCHEDULED_CRON_AUTO,🟡 Sideways / Rangebound,-12.5,Routine audit sync active.
2026-09-23_IRCTC,2026-09-23 19:47:21 IST,IRCTC,⚡ Technical Baseline,463.8,BEARISH_FADE,75%,-4.0,2.5,6.0,454.1000061035156,2.09,PENDING,🔴 SHORT / FADE (SELL),🎯 Tactical Swing (6 Sessions),6.0,SCHEDULED_CRON_AUTO,🟡 Sideways / Rangebound,-12.5,Routine audit sync active.
2026-09-24_HDFCLIFE,2026-09-24 02:55:34 IST,HDFCLIFE,⚡ Technical Baseline,559.2,BEARISH_FADE,75%,-4.0,2.5,1.0,531.0,5.04,SUCCESS,🔴 SHORT / FADE (SELL),🎯 Tactical Swing (6 Sessions),6.0,SCHEDULED_CRON_AUTO,🟡 Sideways / Rangebound,-12.5,Routine audit sync active.
2026-09-24_ULTRACEMCO,2026-09-24 02:55:34 IST,ULTRACEMCO,⚡ Technical Baseline,11000.0,BEARISH_FADE,75%,-4.0,2.5,5.0,10710.0,2.64,PENDING,🔴 SHORT / FADE (SELL),🎯 Tactical Swing (6 Sessions),6.0,SCHEDULED_CRON_AUTO,🟡 Sideways / Rangebound,-12.5,Routine audit sync active.
2026-09-24_HDFCBANK,2026-09-24 02:55:34 IST,HDFCBANK,⚡ Technical Baseline,738.6,BEARISH_FADE,75%,-4.0,2.5,4.0,708.7000122070312,4.05,SUCCESS,🔴 SHORT / FADE (SELL),🎯 Tactical Swing (6 Sessions),6.0,SCHEDULED_CRON_AUTO,🟡 Sideways / Rangebound,-12.5,Routine audit sync active.
2026-09-24_BAJAJFINSV,2026-09-24 19:45:44 IST,BAJAJFINSV,⚡ Technical Baseline,1762.3,BEARISH_FADE,75%,-4.0,2.5,5.0,1732.5999755859375,1.69,PENDING,🔴 SHORT / FADE (SELL),🎯 Tactical Swing (6 Sessions),6.0,SCHEDULED_CRON_AUTO,🟡 Sideways / Rangebound,-12.5,Routine audit sync active.
2026-09-24_AXISBANK,2026-09-24 19:45:44 IST,AXISBANK,⚡ Technical Baseline,1186.5,BEARISH_FADE,75%,-4.0,2.5,1.0,1222.4000244140625,-3.03,FAILED,🔴 SHORT / FADE (SELL),🎯 Tactical Swing (6 Sessions),6.0,SCHEDULED_CRON_AUTO,🟡 Sideways / Rangebound,-12.5,Routine audit sync active.
2026-09-24_SBIN,2026-09-24 19:45:44 IST,SBIN,⚡ Technical Baseline,978.5,BEARISH_FADE,75%,-4.0,2.5,5.0,954.0999755859375,2.49,PENDING,🔴 SHORT / FADE (SELL),🎯 Tactical Swing (6 Sessions),6.0,SCHEDULED_CRON_AUTO,🟡 Sideways / Rangebound,-12.5,Routine audit sync active.
2026-09-25_NTPC,2026-09-25 02:55:35 IST,NTPC,⚡ Technical Baseline,326.0,BEARISH_FADE,75%,-4.0,2.5,4.0,315.1000061035156,3.34,PENDING,🔴 SHORT / FADE (SELL),🎯 Tactical Swing (6 Sessions),6.0,SCHEDULED_CRON_AUTO,🟡 Sideways / Rangebound,-12.5,Routine audit sync active.
2026-09-25_IRCTC,2026-09-25 02:55:35 IST,IRCTC,⚡ Technical Baseline,463.8,BEARISH_FADE,75%,-4.0,2.5,4.0,454.1000061035156,2.09,PENDING,🔴 SHORT / FADE (SELL),🎯 Tactical Swing (6 Sessions),6.0,SCHEDULED_CRON_AUTO,🟡 Sideways / Rangebound,-12.5,Routine audit sync active.
2026-09-25_DABUR,2026-09-25 02:55:35 IST,DABUR,⚡ Technical Baseline,387.4,BEARISH_FADE,75%,-4.0,2.5,4.0,374.25,3.39,PENDING,🔴 SHORT / FADE (SELL),🎯 Tactical Swing (6 Sessions),6.0,SCHEDULED_CRON_AUTO,🟡 Sideways / Rangebound,-12.5,Routine audit sync active.
2026-09-25_ICICIGI,2026-09-25 20:09:03 IST,ICICIGI,⚡ Technical Baseline,1553.7,BEARISH_FADE,75%,-4.0,2.5,4.0,1563.0,-0.6,PENDING,🔴 SHORT / FADE (SELL),🎯 Tactical Swing (6 Sessions),6.0,SCHEDULED_CRON_AUTO,🟡 Sideways / Rangebound,-12.5,Routine audit sync active.
2026-09-25_BHARTIARTL,2026-09-25 20:09:03 IST,BHARTIARTL,⚡ Technical Baseline,1785.4,BEARISH_FADE,75%,-4.0,2.5,4.0,1741.0999755859375,2.48,PENDING,🔴 SHORT / FADE (SELL),🎯 Tactical Swing (6 Sessions),6.0,SCHEDULED_CRON_AUTO,🟡 Sideways / Rangebound,-12.5,Routine audit sync active.
2026-09-25_MAXHEALTH,2026-09-25 20:09:03 IST,MAXHEALTH,⚡ Technical Baseline,1014.0,BEARISH_FADE,75%,-4.0,2.5,3.0,929.7999877929688,8.3,SUCCESS,🔴 SHORT / FADE (SELL),🎯 Tactical Swing (6 Sessions),6.0,SCHEDULED_CRON_AUTO,🟡 Sideways / Rangebound,-12.5,Routine audit sync active.
2026-09-26_BAJAJFINSV,2026-09-26 02:55:32 IST,BAJAJFINSV,⚡ Technical Baseline,1762.3,BEARISH_FADE,75%,-4.0,2.5,3.0,1732.5999755859375,1.69,PENDING,🔴 SHORT / FADE (SELL),🎯 Tactical Swing (6 Sessions),6.0,SCHEDULED_CRON_AUTO,🟡 Sideways / Rangebound,-12.5,Routine audit sync active.
2026-09-26_AXISBANK,2026-09-26 02:55:32 IST,AXISBANK,⚡ Technical Baseline,1186.5,BEARISH_FADE,75%,-4.0,2.5,2.0,1226.0,-3.33,FAILED,🔴 SHORT / FADE (SELL),🎯 Tactical Swing (6 Sessions),6.0,SCHEDULED_CRON_AUTO,🟡 Sideways / Rangebound,-12.5,Routine audit sync active.
2026-09-26_SBIN,2026-09-26 02:55:32 IST,SBIN,⚡ Technical Baseline,978.5,BEARISH_FADE,75%,-4.0,2.5,3.0,954.0999755859375,2.49,PENDING,🔴 SHORT / FADE (SELL),🎯 Tactical Swing (6 Sessions),6.0,SCHEDULED_CRON_AUTO,🟡 Sideways / Rangebound,-12.5,Routine audit sync active.
2026-09-27_ICICIGI,2026-09-27 02:55:33 IST,ICICIGI,⚡ Technical Baseline,1553.7,BEARISH_FADE,75%,-4.0,2.5,3.0,1563.0,-0.6,PENDING,🔴 SHORT / FADE (SELL),🎯 Tactical Swing (6 Sessions),6.0,SCHEDULED_CRON_AUTO,🟡 Sideways / Rangebound,-12.5,Routine audit sync active.
2026-09-27_BHARTIARTL,2026-09-27 02:55:33 IST,BHARTIARTL,⚡ Technical Baseline,1785.4,BEARISH_FADE,75%,-4.0,2.5,3.0,1741.0999755859375,2.48,PENDING,🔴 SHORT / FADE (SELL),🎯 Tactical Swing (6 Sessions),6.0,SCHEDULED_CRON_AUTO,🟡 Sideways / Rangebound,-12.5,Routine audit sync active.
2026-09-27_MAXHEALTH,2026-09-27 02:55:33 IST,MAXHEALTH,⚡ Technical Baseline,1014.0,BEARISH_FADE,75%,-4.0,2.5,2.0,929.7999877929688,8.3,SUCCESS,🔴 SHORT / FADE (SELL),🎯 Tactical Swing (6 Sessions),6.0,SCHEDULED_CRON_AUTO,🟡 Sideways / Rangebound,-12.5,Routine audit sync active.
2026-09-28_ICICIGI,2026-09-28 02:55:38 IST,ICICIGI,⚡ Technical Baseline,1553.7,BEARISH_FADE,75%,-4.0,2.5,3.0,1563.0,-0.6,PENDING,🔴 SHORT / FADE (SELL),🎯 Tactical Swing (6 Sessions),6.0,SCHEDULED_CRON_AUTO,🟡 Sideways / Rangebound,-12.5,Routine audit sync active.
2026-09-28_BHARTIARTL,2026-09-28 02:55:38 IST,BHARTIARTL,⚡ Technical Baseline,1785.4,BEARISH_FADE,75%,-4.0,2.5,3.0,1741.0999755859375,2.48,PENDING,🔴 SHORT / FADE (SELL),🎯 Tactical Swing (6 Sessions),6.0,SCHEDULED_CRON_AUTO,🟡 Sideways / Rangebound,-12.5,Routine audit sync active.
2026-09-28_MAXHEALTH,2026-09-28 02:55:38 IST,MAXHEALTH,⚡ Technical Baseline,1014.0,BEARISH_FADE,75%,-4.0,2.5,2.0,929.7999877929688,8.3,SUCCESS,🔴 SHORT / FADE (SELL),🎯 Tactical Swing (6 Sessions),6.0,SCHEDULED_CRON_AUTO,🟡 Sideways / Rangebound,-12.5,Routine audit sync active.
<<<<<<< HEAD,nan IST,,,,,75%,,,,,,,🔴 SHORT / FADE (SELL),🎯 Tactical Swing (1-2 Weeks),8.0,SCHEDULED_CRON_AUTO,🟡 Sideways / Rangebound,15.0,Routine audit sync active.
2026-09-28_RECLTD,2026-09-28 23:13:35 IST,RECLTD,⚡ Technical Baseline,303.25,BEARISH_FADE,75%,-4.0,2.5,3.0,287.8500061035156,5.08,SUCCESS,🔴 SHORT / FADE (SELL),🎯 Tactical Swing (6 Sessions),6.0,SCHEDULED_CRON_AUTO,🟡 Sideways / Rangebound,-12.5,Routine audit sync active.
=======,nan IST,,,,,75%,,,,,,,🔴 SHORT / FADE (SELL),🎯 Tactical Swing (1-2 Weeks),8.0,SCHEDULED_CRON_AUTO,🟡 Sideways / Rangebound,15.0,Routine audit sync active.
2026-09-28_RECLTD,2026-09-28 23:13:35 IST,RECLTD,⚡ Technical Baseline,303.25,BEARISH_FADE,75%,-4.0,2.5,3.0,287.75,5.11,SUCCESS,🔴 SHORT / FADE (SELL),🎯 Tactical Swing (6 Sessions),6.0,SCHEDULED_CRON_AUTO,🟡 Sideways / Rangebound,-12.5,Routine audit sync active.
>>>>>>> 0cd26c6 (feat(dual-logic): user-friendly spotlight tab cards & automated 3 PM working day paper trades with duplicate guard),nan IST,,,,,75%,,,,,,,🔴 SHORT / FADE (SELL),🎯 Tactical Swing (1-2 Weeks),8.0,SCHEDULED_CRON_AUTO,🟡 Sideways / Rangebound,15.0,Routine audit sync active.
2026-09-28_AMBUJACEM,2026-09-28 23:13:35 IST,AMBUJACEM,⚡ Technical Baseline,374.35,BEARISH_FADE,75%,-4.0,2.5,3.0,362.25,3.23,PENDING,🔴 SHORT / FADE (SELL),🎯 Tactical Swing (6 Sessions),6.0,SCHEDULED_CRON_AUTO,🟡 Sideways / Rangebound,-12.5,Routine audit sync active.
2026-09-28_HINDUNILVR,2026-09-28 23:13:35 IST,HINDUNILVR,⚡ Technical Baseline,1896.0,BEARISH_FADE,75%,-4.0,2.5,3.0,1836.0,3.16,PENDING,🔴 SHORT / FADE (SELL),🎯 Tactical Swing (6 Sessions),6.0,SCHEDULED_CRON_AUTO,🟡 Sideways / Rangebound,-12.5,Routine audit sync active.
2026-09-29_ICICIGI,2026-09-29 02:55:30 IST,ICICIGI,⚡ Technical Baseline,1553.7,BEARISH_FADE,75%,-4.0,2.5,2.0,1563.0,-0.6,PENDING,🔴 SHORT / FADE (SELL),🎯 Tactical Swing (6 Sessions),6.0,SCHEDULED_CRON_AUTO,🟡 Sideways / Rangebound,-12.5,Routine audit sync active.
2026-09-29_BHARTIARTL,2026-09-29 02:55:30 IST,BHARTIARTL,⚡ Technical Baseline,1785.4,BEARISH_FADE,75%,-4.0,2.5,2.0,1741.0999755859375,2.48,PENDING,🔴 SHORT / FADE (SELL),🎯 Tactical Swing (6 Sessions),6.0,SCHEDULED_CRON_AUTO,🟡 Sideways / Rangebound,-12.5,Routine audit sync active.
2026-09-29_MAXHEALTH,2026-09-29 02:55:30 IST,MAXHEALTH,⚡ Technical Baseline,1014.0,BEARISH_FADE,75%,-4.0,2.5,1.0,929.7999877929688,8.3,SUCCESS,🔴 SHORT / FADE (SELL),🎯 Tactical Swing (6 Sessions),6.0,SCHEDULED_CRON_AUTO,🟡 Sideways / Rangebound,-12.5,Routine audit sync active.
2026-09-29_ADANIENT,2026-09-29 21:29:16 IST,ADANIENT,⚡ Technical Baseline,2972.9,BULLISH,75%,4.5,-2.5,2.0,2875.5,-3.28,FAILED,🟢 BUY / ACCUMULATE,⚡ Fast Drift (3 Sessions),3.0,SCHEDULED_CRON_AUTO,🟡 Sideways / Rangebound,15.0,Routine audit sync active.
2026-09-29_SUNPHARMA,2026-09-29 21:29:16 IST,SUNPHARMA,⚡ Technical Baseline,1865.0,BULLISH,75%,4.5,-2.5,1.0,1816.5999755859373,-2.6,FAILED,🟢 BUY / ACCUMULATE,⚡ Fast Drift (3 Sessions),3.0,SCHEDULED_CRON_AUTO,🟡 Sideways / Rangebound,15.0,Routine audit sync active.
2026-09-29_ADANIPORTS,2026-09-29 21:29:16 IST,ADANIPORTS,⚡ Technical Baseline,1822.0,BULLISH,75%,4.5,-2.5,2.0,1763.0,-3.24,FAILED,🟢 BUY / ACCUMULATE,⚡ Fast Drift (3 Sessions),3.0,SCHEDULED_CRON_AUTO,🟡 Sideways / Rangebound,15.0,Routine audit sync active.
2026-09-29_WIPRO,2026-09-29 21:29:16 IST,WIPRO,⚡ Technical Baseline,156.79,BEARISH_FADE,75%,-4.0,2.5,2.0,159.35000610351562,-1.63,PENDING,🔴 SHORT / FADE (SELL),🎯 Tactical Swing (6 Sessions),6.0,SCHEDULED_CRON_AUTO,🟡 Sideways / Rangebound,-12.5,Routine audit sync active.
2026-09-29_UNITDSPR,2026-09-29 21:29:16 IST,UNITDSPR,⚡ Technical Baseline,1363.0,BEARISH_FADE,75%,-4.0,2.5,2.0,1335.0999755859375,2.05,PENDING,🔴 SHORT / FADE (SELL),🎯 Tactical Swing (6 Sessions),6.0,SCHEDULED_CRON_AUTO,🟡 Sideways / Rangebound,-12.5,Routine audit sync active.
2026-09-29_RECLTD,2026-09-29 21:29:16 IST,RECLTD,⚡ Technical Baseline,292.45,BEARISH_FADE,75%,-4.0,2.5,2.0,287.75,1.61,PENDING,🔴 SHORT / FADE (SELL),🎯 Tactical Swing (6 Sessions),6.0,SCHEDULED_CRON_AUTO,🟡 Sideways / Rangebound,-12.5,Routine audit sync active.
<<<<<<< HEAD,nan IST,,,,,75%,,,,,,,🔴 SHORT / FADE (SELL),🎯 Tactical Swing (1-2 Weeks),8.0,SCHEDULED_CRON_AUTO,🟡 Sideways / Rangebound,15.0,Routine audit sync active.
2026-09-30_RECLTD,2026-09-30 02:55:33 IST,RECLTD,⚡ Technical Baseline,303.25,BEARISH_FADE,75%,-4.0,2.5,1.0,287.8500061035156,5.08,SUCCESS,🔴 SHORT / FADE (SELL),🎯 Tactical Swing (6 Sessions),6.0,SCHEDULED_CRON_AUTO,🟡 Sideways / Rangebound,-12.5,Routine audit sync active.
=======,nan IST,,,,,75%,,,,,,,🔴 SHORT / FADE (SELL),🎯 Tactical Swing (1-2 Weeks),8.0,SCHEDULED_CRON_AUTO,🟡 Sideways / Rangebound,15.0,Routine audit sync active.
2026-09-30_RECLTD,2026-09-30 02:55:33 IST,RECLTD,⚡ Technical Baseline,303.25,BEARISH_FADE,75%,-4.0,2.5,1.0,287.75,5.11,SUCCESS,🔴 SHORT / FADE (SELL),🎯 Tactical Swing (6 Sessions),6.0,SCHEDULED_CRON_AUTO,🟡 Sideways / Rangebound,-12.5,Routine audit sync active.
>>>>>>> 0cd26c6 (feat(dual-logic): user-friendly spotlight tab cards & automated 3 PM working day paper trades with duplicate guard),nan IST,,,,,75%,,,,,,,🔴 SHORT / FADE (SELL),🎯 Tactical Swing (1-2 Weeks),8.0,SCHEDULED_CRON_AUTO,🟡 Sideways / Rangebound,15.0,Routine audit sync active.
2026-09-30_AMBUJACEM,2026-09-30 02:55:33 IST,AMBUJACEM,⚡ Technical Baseline,374.35,BEARISH_FADE,75%,-4.0,2.5,1.0,362.25,3.23,PENDING,🔴 SHORT / FADE (SELL),🎯 Tactical Swing (6 Sessions),6.0,SCHEDULED_CRON_AUTO,🟡 Sideways / Rangebound,-12.5,Routine audit sync active.
2026-09-30_HINDUNILVR,2026-09-30 02:55:33 IST,HINDUNILVR,⚡ Technical Baseline,1896.0,BEARISH_FADE,75%,-4.0,2.5,1.0,1836.0,3.16,PENDING,🔴 SHORT / FADE (SELL),🎯 Tactical Swing (6 Sessions),6.0,SCHEDULED_CRON_AUTO,🟡 Sideways / Rangebound,-12.5,Routine audit sync active.
2026-09-30_KOTAKBANK,2026-09-30 21:28:51 IST,KOTAKBANK,⚡ Technical Baseline,417.0,BULLISH,75%,4.5,-2.5,1.0,418.3500061035156,0.32,PENDING,🟢 BUY / ACCUMULATE,⚡ Fast Drift (3 Sessions),3.0,SCHEDULED_CRON_AUTO,🟡 Sideways / Rangebound,15.0,Routine audit sync active.
2026-09-30_MAXHEALTH,2026-09-30 21:28:51 IST,MAXHEALTH,⚡ Technical Baseline,929.8,BEARISH_FADE,75%,-4.0,2.5,1.0,940.9500122070312,-1.2,PENDING,🔴 SHORT / FADE (SELL),🎯 Tactical Swing (6 Sessions),6.0,SCHEDULED_CRON_AUTO,🟡 Sideways / Rangebound,-12.5,Routine audit sync active.
2026-09-30_IRFC,2026-09-30 21:28:51 IST,IRFC,⚡ Technical Baseline,79.28,BEARISH_FADE,75%,-4.0,2.5,1.0,77.05999755859375,2.8,PENDING,🔴 SHORT / FADE (SELL),🎯 Tactical Swing (6 Sessions),6.0,SCHEDULED_CRON_AUTO,🟡 Sideways / Rangebound,-12.5,Routine audit sync active.
2026-09-30_HAVELLS,2026-09-30 21:28:51 IST,HAVELLS,⚡ Technical Baseline,1016.0,BEARISH_FADE,75%,-4.0,2.5,1.0,1040.0,-2.36,PENDING,🔴 SHORT / FADE (SELL),🎯 Tactical Swing (6 Sessions),6.0,SCHEDULED_CRON_AUTO,🟡 Sideways / Rangebound,-12.5,Routine audit sync active.
2026-10-01_ADANIENT,2026-10-01 02:55:32 IST,ADANIENT,⚡ Technical Baseline,2972.9,BULLISH,75%,4.5,-2.5,0.0,2816.800048828125,-5.25,PENDING,🟢 BUY / ACCUMULATE,⚡ Fast Drift (3 Sessions),3.0,SCHEDULED_CRON_AUTO,🟡 Sideways / Rangebound,15.0,Routine audit sync active.
2026-10-01_SUNPHARMA,2026-10-01 02:55:32 IST,SUNPHARMA,⚡ Technical Baseline,1865.0,BULLISH,75%,4.5,-2.5,0.0,1801.0,-3.43,PENDING,🟢 BUY / ACCUMULATE,⚡ Fast Drift (3 Sessions),3.0,SCHEDULED_CRON_AUTO,🟡 Sideways / Rangebound,15.0,Routine audit sync active.
2026-10-01_ADANIPORTS,2026-10-01 02:55:32 IST,ADANIPORTS,⚡ Technical Baseline,1822.0,BULLISH,75%,4.5,-2.5,0.0,1737.800048828125,-4.62,PENDING,🟢 BUY / ACCUMULATE,⚡ Fast Drift (3 Sessions),3.0,SCHEDULED_CRON_AUTO,🟡 Sideways / Rangebound,15.0,Routine audit sync active.
2026-10-01_WIPRO,2026-10-01 02:55:32 IST,WIPRO,⚡ Technical Baseline,156.79,BEARISH_FADE,75%,-4.0,2.5,0.0,159.35000610351562,-1.63,PENDING,🔴 SHORT / FADE (SELL),🎯 Tactical Swing (6 Sessions),6.0,SCHEDULED_CRON_AUTO,🟡 Sideways / Rangebound,-12.5,Routine audit sync active.
2026-10-01_UNITDSPR,2026-10-01 02:55:32 IST,UNITDSPR,⚡ Technical Baseline,1363.0,BEARISH_FADE,75%,-4.0,2.5,0.0,1335.0999755859375,2.05,PENDING,🔴 SHORT / FADE (SELL),🎯 Tactical Swing (6 Sessions),6.0,SCHEDULED_CRON_AUTO,🟡 Sideways / Rangebound,-12.5,Routine audit sync active.
2026-10-01_RECLTD,2026-10-01 02:55:32 IST,RECLTD,⚡ Technical Baseline,292.45,BEARISH_FADE,75%,-4.0,2.5,0.0,287.75,1.61,PENDING,🔴 SHORT / FADE (SELL),🎯 Tactical Swing (6 Sessions),6.0,SCHEDULED_CRON_AUTO,🟡 Sideways / Rangebound,-12.5,Routine audit sync active.
2026-10-01_APOLLOHOSP,2026-10-01 15:38:52 IST,APOLLOHOSP,⚡ Technical Baseline,8133.5,BULLISH,75%,4.5,-2.5,0.0,8133.5,0.0,PENDING,🟢 BUY / ACCUMULATE,⚡ Fast Drift (3 Sessions),3.0,SCHEDULED_CRON_AUTO,🟡 Sideways / Rangebound,15.0,Routine audit sync active.
2026-10-01_TITAN,2026-10-01 15:38:52 IST,TITAN,USFDA Inspection / EIR Clearance,4515.7,BULLISH,75%,4.5,-2.5,0.0,4515.7001953125,0.0,PENDING,🟢 BUY / ACCUMULATE,⚡ Fast Drift (3 Sessions),3.0,SCHEDULED_CRON_AUTO,🟡 Sideways / Rangebound,15.0,Routine audit sync active.
2026-10-01_BAJAJ-AUTO,2026-10-01 15:38:52 IST,BAJAJ-AUTO,⚡ Technical Baseline,10045.0,BEARISH_FADE,75%,-4.0,2.5,0.0,10045.0,0.0,PENDING,🔴 SHORT / FADE (SELL),🎯 Tactical Swing (6 Sessions),6.0,SCHEDULED_CRON_AUTO,🟡 Sideways / Rangebound,-12.5,Routine audit sync active.
2026-10-01_KOTAKBANK,2026-10-01 15:38:52 IST,KOTAKBANK,⚡ Technical Baseline,418.35,BEARISH_FADE,75%,-4.0,2.5,0.0,418.3500061035156,-0.0,PENDING,🔴 SHORT / FADE (SELL),🎯 Tactical Swing (6 Sessions),6.0,SCHEDULED_CRON_AUTO,🟡 Sideways / Rangebound,-12.5,Routine audit sync active.
2026-10-01_MARUTI,2026-10-01 15:38:52 IST,MARUTI,⚡ Technical Baseline,11386.0,BEARISH_FADE,75%,-4.0,2.5,0.0,11386.0,0.0,PENDING,🔴 SHORT / FADE (SELL),🎯 Tactical Swing (6 Sessions),6.0,SCHEDULED_CRON_AUTO,🟡 Sideways / Rangebound,-12.5,Routine audit sync active.
DL_GOLDBEES_20261001154336,2026-10-01 15:43:36 IST,GOLDBEES,Physical Moat (Hard Commodity) | Moat Score 0.98,68.2,BULLISH_CONTRARIAN,89%,15.0,-8.0,0.0,68.2,0.0,OPEN,🟢 DEEP-VALUE LONG TERM (BUY),Long Term (3-12M+),180.0,DUAL_LOGIC_V4.2_BEAR_RESILIENCE,Contraction / Trough Moat Hegemony,89.3,₹50K Long Term Tranche | D/E 0.00 | IC 99.0x | 20Y Win Rate: 93.1%
DL_CONCOR_20261001154336,2026-10-01 15:43:36 IST,CONCOR,Physical Moat (Logistics & Ports) | Moat Score 0.82,890.0,BULLISH_CONTRARIAN,83%,15.0,-8.0,0.0,890.0,0.0,OPEN,🟢 DEEP-VALUE LONG TERM (BUY),Long Term (3-12M+),180.0,DUAL_LOGIC_V4.2_BEAR_RESILIENCE,Contraction / Trough Moat Hegemony,83.7,₹50K Long Term Tranche | D/E 0.05 | IC 25.0x | 20Y Win Rate: 93.1%
DL_SIEMENS_20261001154337,2026-10-01 15:43:37 IST,SIEMENS,Physical Moat (Capital Goods) | Moat Score 0.73,7250.0,BULLISH_CONTRARIAN,82%,15.0,-8.0,0.0,3804.0,-47.53,OPEN,🟢 DEEP-VALUE LONG TERM (BUY),Long Term (3-12M+),180.0,DUAL_LOGIC_V4.2_BEAR_RESILIENCE,Contraction / Trough Moat Hegemony,82.0,₹50K Long Term Tranche | D/E 0.02 | IC 35.0x | 20Y Win Rate: 93.1%
DL_COALINDIA_20261001154337,2026-10-01 15:43:37 IST,COALINDIA,Physical Moat (Mining & Resources) | Moat Score 0.83,482.1,BULLISH_CONTRARIAN,81%,15.0,-8.0,0.0,420.3999938964844,-12.8,OPEN,🟢 DEEP-VALUE LONG TERM (BUY),Long Term (3-12M+),180.0,DUAL_LOGIC_V4.2_BEAR_RESILIENCE,Contraction / Trough Moat Hegemony,81.9,₹50K Long Term Tranche | D/E 0.12 | IC 18.0x | 20Y Win Rate: 93.1%
DL_ABB_20261001154337,2026-10-01 15:43:37 IST,ABB,Physical Moat (Capital Goods) | Moat Score 0.71,8100.0,BULLISH_CONTRARIAN,81%,15.0,-8.0,0.0,6900.0,-14.81,OPEN,🟢 DEEP-VALUE LONG TERM (BUY),Long Term (3-12M+),180.0,DUAL_LOGIC_V4.2_BEAR_RESILIENCE,Contraction / Trough Moat Hegemony,81.1,₹50K Long Term Tranche | D/E 0.03 | IC 32.0x | 20Y Win Rate: 93.1%
DL_ITC_20261001154337,2026-10-01 15:43:37 IST,ITC,Physical Moat (FMCG & Agri) | Moat Score 0.61,500.0,BULLISH_CONTRARIAN,80%,15.0,-8.0,0.0,255.8999938964844,-48.82,OPEN,🟢 DEEP-VALUE LONG TERM (BUY),Long Term (3-12M+),180.0,DUAL_LOGIC_V4.2_BEAR_RESILIENCE,Contraction / Trough Moat Hegemony,80.4,₹50K Long Term Tranche | D/E 0.01 | IC 60.0x | 20Y Win Rate: 93.1%
DL_HINDUNILVR_20261001154337,2026-10-01 15:43:37 IST,HINDUNILVR,Physical Moat (FMCG) | Moat Score 0.54,500.0,BULLISH_CONTRARIAN,78%,15.0,-8.0,0.0,1836.0,267.2,OPEN,🟢 DEEP-VALUE LONG TERM (BUY),Long Term (3-12M+),180.0,DUAL_LOGIC_V4.2_BEAR_RESILIENCE,Contraction / Trough Moat Hegemony,78.4,₹50K Long Term Tranche | D/E 0.02 | IC 55.0x | 20Y Win Rate: 93.1%
DL_SUNPHARMA_20261001154337,2026-10-01 15:43:37 IST,SUNPHARMA,Physical Moat (Pharma & Healthcare) | Moat Score 0.60,500.0,BULLISH_CONTRARIAN,75%,15.0,-8.0,0.0,1801.0,260.2,OPEN,🟢 DEEP-VALUE LONG TERM (BUY),Long Term (3-12M+),180.0,DUAL_LOGIC_V4.2_BEAR_RESILIENCE,Contraction / Trough Moat Hegemony,75.8,₹50K Long Term Tranche | D/E 0.12 | IC 19.0x | 20Y Win Rate: 93.1%
DL_ULTRACEMCO_20261001154338,2026-10-01 15:43:38 IST,ULTRACEMCO,Physical Moat (Infrastructure Materials) | Moat Score 0.85,11400.0,BULLISH_CONTRARIAN,74%,15.0,-8.0,0.0,10710.0,-6.05,OPEN,🟢 DEEP-VALUE LONG TERM (BUY),Long Term (3-12M+),180.0,DUAL_LOGIC_V4.2_BEAR_RESILIENCE,Contraction / Trough Moat Hegemony,74.7,₹50K Long Term Tranche | D/E 0.38 | IC 9.2x | 20Y Win Rate: 93.1%
DL_ONGC_20261001154338,2026-10-01 15:43:38 IST,ONGC,Physical Moat (Oil & Gas / Energy) | Moat Score 0.92,286.4,BULLISH_CONTRARIAN,74%,15.0,-8.0,0.0,222.3699951171875,-22.36,OPEN,🟢 DEEP-VALUE LONG TERM (BUY),Long Term (3-12M+),180.0,DUAL_LOGIC_V4.2_BEAR_RESILIENCE,Contraction / Trough Moat Hegemony,74.0,₹50K Long Term Tranche | D/E 0.45 | IC 8.5x | 20Y Win Rate: 93.1%
DL_CPSEETF_20261001154338,2026-10-01 15:43:38 IST,CPSEETF,Physical Moat (PSU ETF Basket) | Moat Score 0.90,98.4,BULLISH_CONTRARIAN,68%,15.0,-8.0,0.0,98.4,0.0,OPEN,🟢 DEEP-VALUE LONG TERM (BUY),Long Term (3-12M+),180.0,DUAL_LOGIC_V4.2_BEAR_RESILIENCE,Contraction / Trough Moat Hegemony,68.5,₹50K Long Term Tranche | D/E 0.75 | IC 8.0x | 20Y Win Rate: 93.1%
DL_RELIANCE_20261001154339,2026-10-01 15:43:39 IST,RELIANCE,Physical Moat (Energy & Infrastructure) | Moat Score 0.83,2980.0,BULLISH_CONTRARIAN,66%,15.0,-8.0,0.0,1167.699951171875,-60.82,OPEN,🟢 DEEP-VALUE LONG TERM (BUY),Long Term (3-12M+),180.0,DUAL_LOGIC_V4.2_BEAR_RESILIENCE,Contraction / Trough Moat Hegemony,66.8,₹50K Long Term Tranche | D/E 0.58 | IC 6.2x | 20Y Win Rate: 93.1%
DL_TCS_20261001154339,2026-10-01 15:43:39 IST,TCS,Physical Moat (IT & Software Services) | Moat Score 0.19,500.0,BULLISH_CONTRARIAN,65%,15.0,-8.0,0.0,2075.0,315.0,OPEN,🟢 DEEP-VALUE LONG TERM (BUY),Long Term (3-12M+),180.0,DUAL_LOGIC_V4.2_BEAR_RESILIENCE,Contraction / Trough Moat Hegemony,65.8,₹50K Long Term Tranche | D/E 0.05 | IC 45.0x | 20Y Win Rate: 93.1%
DL_BHEL_20261001154339,2026-10-01 15:43:39 IST,BHEL,Physical Moat (Capital Goods) | Moat Score 0.79,285.0,BULLISH_CONTRARIAN,65%,15.0,-8.0,0.0,421.0,47.72,OPEN,🟢 DEEP-VALUE LONG TERM (BUY),Long Term (3-12M+),180.0,DUAL_LOGIC_V4.2_BEAR_RESILIENCE,Contraction / Trough Moat Hegemony,65.2,₹50K Long Term Tranche | D/E 0.42 | IC 3.1x | 20Y Win Rate: 93.1%
DL_HCLTECH_20261001154339,2026-10-01 15:43:39 IST,HCLTECH,Physical Moat (IT & Software Services) | Moat Score 0.22,500.0,BULLISH_CONTRARIAN,65%,15.0,-8.0,0.0,1243.0999755859375,148.62,OPEN,🟢 DEEP-VALUE LONG TERM (BUY),Long Term (3-12M+),180.0,DUAL_LOGIC_V4.2_BEAR_RESILIENCE,Contraction / Trough Moat Hegemony,65.0,₹50K Long Term Tranche | D/E 0.10 | IC 30.0x | 20Y Win Rate: 93.1%
2026-10-02_KOTAKBANK,2026-10-02 02:55:32 IST,KOTAKBANK,⚡ Technical Baseline,417.0,BULLISH,75%,4.5,-2.5,0.0,418.3500061035156,0.32,PENDING,🟢 BUY / ACCUMULATE,⚡ Fast Drift (3 Sessions),3.0,SCHEDULED_CRON_AUTO,🟡 Sideways / Rangebound,15.0,Routine audit sync active.
2026-10-02_MAXHEALTH,2026-10-02 02:55:32 IST,MAXHEALTH,⚡ Technical Baseline,929.8,BEARISH_FADE,75%,-4.0,2.5,0.0,940.9500122070312,-1.2,PENDING,🔴 SHORT / FADE (SELL),🎯 Tactical Swing (6 Sessions),6.0,SCHEDULED_CRON_AUTO,🟡 Sideways / Rangebound,-12.5,Routine audit sync active.
2026-10-02_IRFC,2026-10-02 02:55:32 IST,IRFC,⚡ Technical Baseline,79.28,BEARISH_FADE,75%,-4.0,2.5,0.0,77.05999755859375,2.8,PENDING,🔴 SHORT / FADE (SELL),🎯 Tactical Swing (6 Sessions),6.0,SCHEDULED_CRON_AUTO,🟡 Sideways / Rangebound,-12.5,Routine audit sync active.
2026-10-02_HAVELLS,2026-10-02 02:55:32 IST,HAVELLS,⚡ Technical Baseline,1016.0,BEARISH_FADE,75%,-4.0,2.5,0.0,1040.0,-2.36,PENDING,🔴 SHORT / FADE (SELL),🎯 Tactical Swing (6 Sessions),6.0,SCHEDULED_CRON_AUTO,🟡 Sideways / Rangebound,-12.5,Routine audit sync active.
2026-10-02_APOLLOHOSP,2026-10-02 21:23:00 IST,APOLLOHOSP,⚡ Technical Baseline,8133.5,BULLISH,High,4.5,-2.5,0.0,8133.5,0.0,PENDING,🟢 BUY / ACCUMULATE,⚡ Fast Drift (3 Sessions),3.0,SCHEDULED_CRON_AUTO,,,
2026-10-02_BAJAJ-AUTO,2026-10-02 21:23:00 IST,BAJAJ-AUTO,⚡ Technical Baseline,10045.0,BEARISH_FADE,High,-4.0,2.5,0.0,10045.0,0.0,PENDING,🔴 SHORT / FADE (SELL),🎯 Tactical Swing (6 Sessions),6.0,SCHEDULED_CRON_AUTO,,,
2026-10-02_MARUTI,2026-10-02 21:23:00 IST,MARUTI,⚡ Technical Baseline,11386.0,BEARISH_FADE,High,-4.0,2.5,0.0,11386.0,0.0,PENDING,🔴 SHORT / FADE (SELL),🎯 Tactical Swing (6 Sessions),6.0,SCHEDULED_CRON_AUTO,,,
2026-10-03_APOLLOHOSP,2026-10-03 02:55:32 IST,APOLLOHOSP,⚡ Technical Baseline,8133.5,BULLISH,High,4.5,-2.5,0.0,8133.5,0.0,PENDING,🟢 BUY / ACCUMULATE,⚡ Fast Drift (3 Sessions),3.0,SCHEDULED_CRON_AUTO,,,
2026-10-03_BAJAJ-AUTO,2026-10-03 02:55:32 IST,BAJAJ-AUTO,⚡ Technical Baseline,10045.0,BEARISH_FADE,High,-4.0,2.5,0.0,10045.0,0.0,PENDING,🔴 SHORT / FADE (SELL),🎯 Tactical Swing (6 Sessions),6.0,SCHEDULED_CRON_AUTO,,,
2026-10-03_KOTAKBANK,2026-10-03 02:55:32 IST,KOTAKBANK,⚡ Technical Baseline,418.35,BEARISH_FADE,High,-4.0,2.5,0.0,418.3500061035156,-0.0,PENDING,🔴 SHORT / FADE (SELL),🎯 Tactical Swing (6 Sessions),6.0,SCHEDULED_CRON_AUTO,,,
2026-10-03_MARUTI,2026-10-03 02:55:32 IST,MARUTI,⚡ Technical Baseline,11386.0,BEARISH_FADE,High,-4.0,2.5,0.0,11386.0,0.0,PENDING,🔴 SHORT / FADE (SELL),🎯 Tactical Swing (6 Sessions),6.0,SCHEDULED_CRON_AUTO,,,
2026-10-04_APOLLOHOSP,2026-10-04 02:55:33 IST,APOLLOHOSP,⚡ Technical Baseline,8133.5,BULLISH,High,4.5,-2.5,0.0,8133.5,0.0,PENDING,🟢 BUY / ACCUMULATE,⚡ Fast Drift (3 Sessions),3.0,SCHEDULED_CRON_AUTO,,,
2026-10-04_BAJAJ-AUTO,2026-10-04 02:55:33 IST,BAJAJ-AUTO,⚡ Technical Baseline,10045.0,BEARISH_FADE,High,-4.0,2.5,0.0,10045.0,0.0,PENDING,🔴 SHORT / FADE (SELL),🎯 Tactical Swing (6 Sessions),6.0,SCHEDULED_CRON_AUTO,,,
2026-10-04_KOTAKBANK,2026-10-04 02:55:33 IST,KOTAKBANK,⚡ Technical Baseline,418.35,BEARISH_FADE,High,-4.0,2.5,0.0,418.3500061035156,-0.0,PENDING,🔴 SHORT / FADE (SELL),🎯 Tactical Swing (6 Sessions),6.0,SCHEDULED_CRON_AUTO,,,
2026-10-04_MARUTI,2026-10-04 02:55:33 IST,MARUTI,⚡ Technical Baseline,11386.0,BEARISH_FADE,High,-4.0,2.5,0.0,11386.0,0.0,PENDING,🔴 SHORT / FADE (SELL),🎯 Tactical Swing (6 Sessions),6.0,SCHEDULED_CRON_AUTO,,,
2026-10-05_APOLLOHOSP,2026-10-05 02:55:34 IST,APOLLOHOSP,⚡ Technical Baseline,8133.5,BULLISH,High,4.5,-2.5,0.0,8133.5,0.0,PENDING,🟢 BUY / ACCUMULATE,⚡ Fast Drift (3 Sessions),3.0,SCHEDULED_CRON_AUTO,,,
2026-10-05_BAJAJ-AUTO,2026-10-05 02:55:34 IST,BAJAJ-AUTO,⚡ Technical Baseline,10045.0,BEARISH_FADE,High,-4.0,2.5,0.0,10045.0,0.0,PENDING,🔴 SHORT / FADE (SELL),🎯 Tactical Swing (6 Sessions),6.0,SCHEDULED_CRON_AUTO,,,
2026-10-05_KOTAKBANK,2026-10-05 02:55:34 IST,KOTAKBANK,⚡ Technical Baseline,418.35,BEARISH_FADE,High,-4.0,2.5,0.0,418.3500061035156,-0.0,PENDING,🔴 SHORT / FADE (SELL),🎯 Tactical Swing (6 Sessions),6.0,SCHEDULED_CRON_AUTO,,,
2026-10-05_MARUTI,2026-10-05 02:55:34 IST,MARUTI,⚡ Technical Baseline,11386.0,BEARISH_FADE,High,-4.0,2.5,0.0,11386.0,0.0,PENDING,🔴 SHORT / FADE (SELL),🎯 Tactical Swing (6 Sessions),6.0,SCHEDULED_CRON_AUTO,,,
2026-10-06_APOLLOHOSP,2026-10-06 00:05:07 IST,APOLLOHOSP,⚡ Technical Baseline,8133.5,BULLISH,High,4.5,-2.5,0.0,8133.5,0.0,PENDING,🟢 BUY / ACCUMULATE,⚡ Fast Drift (3 Sessions),3.0,SCHEDULED_CRON_AUTO,,,
2026-10-06_BAJAJ-AUTO,2026-10-06 00:05:07 IST,BAJAJ-AUTO,⚡ Technical Baseline,10045.0,BEARISH_FADE,High,-4.0,2.5,0.0,10045.0,0.0,PENDING,🔴 SHORT / FADE (SELL),🎯 Tactical Swing (6 Sessions),6.0,SCHEDULED_CRON_AUTO,,,
2026-10-06_KOTAKBANK,2026-10-06 00:05:07 IST,KOTAKBANK,⚡ Technical Baseline,418.35,BEARISH_FADE,High,-4.0,2.5,0.0,418.35,0.0,PENDING,🔴 SHORT / FADE (SELL),🎯 Tactical Swing (6 Sessions),6.0,SCHEDULED_CRON_AUTO,,,
2026-10-06_MARUTI,2026-10-06 00:05:07 IST,MARUTI,⚡ Technical Baseline,11386.0,BEARISH_FADE,High,-4.0,2.5,0.0,11386.0,0.0,PENDING,🔴 SHORT / FADE (SELL),🎯 Tactical Swing (6 Sessions),6.0,SCHEDULED_CRON_AUTO,,,
