Trade_ID,Username,Ticker,Trade_Action,Buy Ticker,Sell Ticker,Category,Asset_Class,Trigger_Type,Trigger_Indicator,Strategy_Preset,Status,Entry_Price,Live_CMP,Executed_Qty,Stop_Loss,Target,Execution_Timestamp,Exit_Timestamp,Exit_Price,Exit_Reason,Hold_Duration_Days,PnL_Rs,PnL_Pct,Invested_Value,Technical_Score_At_Entry,Fundamental_Score_At_Entry,Composite_Score_At_Entry,Near_Support_Status,RSI_At_Entry,Empirical_Win_Rate_At_Entry,Market_Regime_At_Entry
DL_GOLDBEES_20261001154336,Auto_3PM_Daemon,GOLDBEES.NS,BUY,GOLDBEES.NS,,Long Term (Physical Moat),ETF,Dual-Logic v4.2 Bear Resilience,Composite 0.89 | Tech 84.0 | Fund 99.0 | Moat 0.98,Deep-Value & Contrarian Bear Resilience,ACTIVE,121.43,121.43,411,111.72,139.64,2026-10-01 15:43:36,,0.0,,5,0.0,0.0,49907.73,84.0,99.0,89.3,True,44.5,93.1,Contraction / Trough Deep-Value Moat
DL_CONCOR_20261001154336,Auto_3PM_Daemon,CONCOR.NS,BUY,CONCOR.NS,,Long Term (Physical Moat),Equity,Dual-Logic v4.2 Bear Resilience,Composite 0.84 | Tech 84.0 | Fund 92.6 | Moat 0.82,Deep-Value & Contrarian Bear Resilience,ACTIVE,442.0,442.0,113,406.64,508.3,2026-10-01 15:43:36,,0.0,,5,0.0,0.0,49946.0,84.0,92.6,83.7,True,44.5,93.1,Contraction / Trough Deep-Value Moat
DL_SIEMENS_20261001154337,Auto_3PM_Daemon,SIEMENS.NS,BUY,SIEMENS.NS,,Long Term (Physical Moat),Equity,Dual-Logic v4.2 Bear Resilience,Composite 0.82 | Tech 84.0 | Fund 89.3 | Moat 0.73,Deep-Value & Contrarian Bear Resilience,ACTIVE,3804.0,3701.1,13,3499.68,4374.6,2026-10-01 15:43:37,,0.0,,5,-1337.7,-2.71,49452.0,84.0,89.3,82.0,True,44.5,93.1,Contraction / Trough Deep-Value Moat
DL_COALINDIA_20261001154337,Auto_3PM_Daemon,COALINDIA.NS,BUY,COALINDIA.NS,,Long Term (Physical Moat),Equity,Dual-Logic v4.2 Bear Resilience,Composite 0.82 | Tech 84.0 | Fund 91.4 | Moat 0.83,Deep-Value & Contrarian Bear Resilience,ACTIVE,420.4,425.1,118,386.77,483.46,2026-10-01 15:43:37,,0.0,,5,554.6,1.12,49607.2,84.0,91.4,81.9,True,44.5,93.1,Contraction / Trough Deep-Value Moat
DL_ABB_20261001154337,Auto_3PM_Daemon,ABB.NS,BUY,ABB.NS,,Long Term (Physical Moat),Equity,Dual-Logic v4.2 Bear Resilience,Composite 0.81 | Tech 84.0 | Fund 88.1 | Moat 0.71,Deep-Value & Contrarian Bear Resilience,ACTIVE,6900.0,6900.0,7,6348.0,7935.0,2026-10-01 15:43:37,,0.0,,5,0.0,0.0,48300.0,84.0,88.1,81.1,True,44.5,93.1,Contraction / Trough Deep-Value Moat
DL_ITC_20261001154337,Auto_3PM_Daemon,ITC.NS,BUY,ITC.NS,,Long Term (Physical Moat),Equity,Dual-Logic v4.2 Bear Resilience,Composite 0.80 | Tech 84.0 | Fund 87.7 | Moat 0.61,Deep-Value & Contrarian Bear Resilience,ACTIVE,255.9,268.9,195,235.43,294.28,2026-10-01 15:43:37,,0.0,,5,2535.0,5.08,49900.5,84.0,87.7,80.4,True,44.5,93.1,Contraction / Trough Deep-Value Moat
DL_HINDUNILVR_20261001154337,Auto_3PM_Daemon,HINDUNILVR.NS,BUY,HINDUNILVR.NS,,Long Term (Physical Moat),Equity,Dual-Logic v4.2 Bear Resilience,Composite 0.78 | Tech 84.0 | Fund 85.1 | Moat 0.54,Deep-Value & Contrarian Bear Resilience,ACTIVE,1836.0,1838.4,27,1689.12,2111.4,2026-10-01 15:43:37,,0.0,,5,64.8,0.13,49572.0,84.0,85.1,78.4,True,44.5,93.1,Contraction / Trough Deep-Value Moat
DL_SUNPHARMA_20261001154337,Auto_3PM_Daemon,SUNPHARMA.NS,BUY,SUNPHARMA.NS,,Long Term (Physical Moat),Equity,Dual-Logic v4.2 Bear Resilience,Composite 0.76 | Tech 84.0 | Fund 82.5 | Moat 0.60,Deep-Value & Contrarian Bear Resilience,ACTIVE,1801.0,1779.7,27,1656.92,2071.15,2026-10-01 15:43:37,,0.0,,5,-575.1,-1.18,48627.0,84.0,82.5,75.8,True,44.5,93.1,Contraction / Trough Deep-Value Moat
DL_ULTRACEMCO_20261001154338,Auto_3PM_Daemon,ULTRACEMCO.NS,BUY,ULTRACEMCO.NS,,Long Term (Physical Moat),Equity,Dual-Logic v4.2 Bear Resilience,Composite 0.75 | Tech 84.0 | Fund 83.6 | Moat 0.85,Deep-Value & Contrarian Bear Resilience,ACTIVE,10710.0,10710.0,4,9853.2,12316.5,2026-10-01 15:43:38,,0.0,,5,0.0,0.0,42840.0,84.0,83.6,74.7,True,44.5,93.1,Contraction / Trough Deep-Value Moat
DL_ONGC_20261001154338,Auto_3PM_Daemon,ONGC.NS,BUY,ONGC.NS,,Long Term (Physical Moat),Equity,Dual-Logic v4.2 Bear Resilience,Composite 0.74 | Tech 84.0 | Fund 82.5 | Moat 0.92,Deep-Value & Contrarian Bear Resilience,ACTIVE,222.37,224.9,224,204.58,255.73,2026-10-01 15:43:38,,0.0,,5,566.72,1.14,49810.88,84.0,82.5,74.0,True,44.5,93.1,Contraction / Trough Deep-Value Moat
DL_CPSEETF_20261001154338,Auto_3PM_Daemon,CPSEETF.NS,BUY,CPSEETF.NS,,Long Term (Physical Moat),ETF,Dual-Logic v4.2 Bear Resilience,Composite 0.69 | Tech 84.0 | Fund 76.6 | Moat 0.90,Deep-Value & Contrarian Bear Resilience,ACTIVE,89.78,89.78,556,82.6,103.25,2026-10-01 15:43:38,,0.0,,5,0.0,0.0,49917.68,84.0,76.6,68.5,True,44.5,93.1,Contraction / Trough Deep-Value Moat
DL_RELIANCE_20261001154339,Auto_3PM_Daemon,RELIANCE.NS,BUY,RELIANCE.NS,,Long Term (Physical Moat),Equity,Dual-Logic v4.2 Bear Resilience,Composite 0.67 | Tech 84.0 | Fund 71.2 | Moat 0.83,Deep-Value & Contrarian Bear Resilience,ACTIVE,1167.7,1186.4,42,1074.28,1342.86,2026-10-01 15:43:39,,0.0,,5,785.4,1.6,49043.4,84.0,71.2,66.8,True,44.5,93.1,Contraction / Trough Deep-Value Moat
DL_TCS_20261001154339,Auto_3PM_Daemon,TCS.NS,BUY,TCS.NS,,Long Term (Physical Moat),Equity,Dual-Logic v4.2 Bear Resilience,Composite 0.66 | Tech 84.0 | Fund 65.8 | Moat 0.19,Deep-Value & Contrarian Bear Resilience,ACTIVE,2075.0,2114.4,24,1909.0,2386.25,2026-10-01 15:43:39,,0.0,,5,945.6,1.9,49800.0,84.0,65.8,65.8,True,44.5,93.1,Contraction / Trough Deep-Value Moat
DL_BHEL_20261001154339,Auto_3PM_Daemon,BHEL.NS,BUY,BHEL.NS,,Long Term (Physical Moat),Equity,Dual-Logic v4.2 Bear Resilience,Composite 0.65 | Tech 84.0 | Fund 65.0 | Moat 0.79,Deep-Value & Contrarian Bear Resilience,ACTIVE,421.0,429.0,118,387.32,484.15,2026-10-01 15:43:39,,0.0,,5,944.0,1.9,49678.0,84.0,65.0,65.2,True,44.5,93.1,Contraction / Trough Deep-Value Moat
DL_HCLTECH_20261001154339,Auto_3PM_Daemon,HCLTECH.NS,BUY,HCLTECH.NS,,Long Term (Physical Moat),Equity,Dual-Logic v4.2 Bear Resilience,Composite 0.65 | Tech 84.0 | Fund 65.6 | Moat 0.22,Deep-Value & Contrarian Bear Resilience,ACTIVE,1243.1,1201.9,40,1143.65,1429.56,2026-10-01 15:43:39,,0.0,,5,-1648.0,-3.31,49724.0,84.0,65.6,65.0,True,44.5,93.1,Contraction / Trough Deep-Value Moat
